Factory,Distance (km),Predicted Lead Time,Original Factory,Region,Ship Mode,Division,Current Lead Time,Improvement (days),Improvement (%)
Wicked Choccy's,139.53489536843844,2.67688020891865,Lot's O' Nuts,Gulf,Second Class,Chocolate,6.219425032581658,3.5425448236630075,56.95936208097538
Lot's O' Nuts,614.4382858116559,3.2831148010695177,Wicked Choccy's,Pacific,Second Class,Chocolate,6.787689815284583,3.5045750142150656,51.631337164574475
Lot's O' Nuts,614.4382858116559,1.2921216828646935,Wicked Choccy's,Pacific,Same Day,Chocolate,4.796696697079758,3.5045750142150647,73.06226004134594
Lot's O' Nuts,69.65654980228574,1.5861973353028551,Wicked Choccy's,Pacific,First Class,Chocolate,5.054637856646124,3.468440521343269,68.61897171886937
Lot's O' Nuts,1107.579150381621,4.884814219596002,Wicked Choccy's,Pacific,Standard Class,Chocolate,8.196896200125696,3.312081980529694,40.40653803178457
Wicked Choccy's,214.06061692841786,0.7785919816382845,Lot's O' Nuts,Gulf,Same Day,Chocolate,4.072713820423014,3.2941218387847297,80.8827230203615
Wicked Choccy's,1024.6032249256082,3.814068850027636,Lot's O' Nuts,Atlantic,Second Class,Chocolate,6.721710124776951,2.907641274749315,43.25746306779036
Wicked Choccy's,1024.6032249256082,1.8230757318228117,Lot's O' Nuts,Atlantic,Same Day,Chocolate,4.730717006572126,2.9076412747493148,61.46301439527851
Wicked Choccy's,201.98395204492553,3.7506778289272162,Sugar Shack,Gulf,Standard Class,Sugar,6.4733178981281885,2.7226400692009722,42.05942164509247
Wicked Choccy's,373.9402724055248,1.9492181198554557,Lot's O' Nuts,Gulf,First Class,Chocolate,4.664731637172484,2.715513517317029,58.21371363954885
Secret Factory,204.23932180181185,3.77292367524454,Lot's O' Nuts,Interior,Standard Class,Chocolate,6.400454853216193,2.627531177971653,41.05225703844052
Secret Factory,207.25399530519246,2.788407748214174,Lot's O' Nuts,Interior,Second Class,Chocolate,5.412712437930513,2.624304689716339,48.484095909586344
Lot's O' Nuts,89.11379552685445,3.625762404429476,Sugar Shack,Pacific,Standard Class,Sugar,6.1742121068300655,2.5484497024005894,41.27570705874247
Secret Factory,704.5256300577935,4.407351369207061,Lot's O' Nuts,Atlantic,Standard Class,Chocolate,6.947203794172733,2.539852424965672,36.559348195544274
Secret Factory,399.1768574466945,2.0079003216332176,Lot's O' Nuts,Interior,First Class,Chocolate,4.541468446874848,2.5335681252416307,55.78742107049257
Secret Factory,658.4352304516789,2.3425057800041245,Lot's O' Nuts,Atlantic,First Class,Chocolate,4.874971035044906,2.5324652550407816,51.9483138840322
Lot's O' Nuts,504.5068591544657,4.088684257296146,The Other Factory,Pacific,Standard Class,Other,6.5220324308244955,2.4333481735283495,37.309660743602485
The Other Factory,365.24353091512046,3.9009475630975325,Lot's O' Nuts,Gulf,Standard Class,Chocolate,6.320561420359105,2.419613857261573,38.281628740570035
Lot's O' Nuts,614.4382858116559,3.237165444975285,Secret Factory,Pacific,Second Class,Other,5.631741935936457,2.394576490961172,42.51928654047954
Lot's O' Nuts,614.4382858116559,4.2792300737442215,The Other Factory,Pacific,Standard Class,Sugar,6.658836056661448,2.3796059829172265,35.73606502200467
Lot's O' Nuts,702.2139834455186,1.3553592800080287,The Other Factory,Pacific,Same Day,Other,3.727618717908202,2.372259437900173,63.64007741734367
Lot's O' Nuts,69.65654980228574,1.5940466336822512,The Other Factory,Pacific,First Class,Sugar,3.952745606807906,2.3586989731256547,59.67242033140743
Lot's O' Nuts,480.043539901009,2.050741274108155,Secret Factory,Pacific,First Class,Other,4.167137322174182,2.1163960480660267,50.78776830329671
Lot's O' Nuts,1107.579150381621,1.8596057710016378,Secret Factory,Pacific,Same Day,Other,3.8726016786166015,2.0129959076149637,51.98045331463216
Sugar Shack,704.3863291944674,2.45743223449901,Wicked Choccy's,Interior,First Class,Chocolate,4.420153619791045,1.9627213852920353,44.40391792050023
The Other Factory,424.21855014372625,2.9938917699803964,Sugar Shack,Gulf,Second Class,Sugar,4.709045351859856,1.7151535818794592,36.42253267325303
Lot's O' Nuts,1578.349461319377,3.416958581576047,The Other Factory,Pacific,First Class,Other,5.089666893411427,1.6727083118353798,32.864789520915416
Lot's O' Nuts,1107.579150381621,3.904397543680091,Sugar Shack,Pacific,Second Class,Sugar,5.5707271901486255,1.6663296464685344,29.912246455279696
Lot's O' Nuts,1654.0656527363005,4.530390651460062,The Other Factory,Pacific,Second Class,Other,6.129163631813409,1.5987729803533473,26.08468424720985
Lot's O' Nuts,511.61053853566125,4.129268539068404,Secret Factory,Interior,Standard Class,Other,5.6850699859073455,1.5558014468389416,27.3664431694878
The Other Factory,667.3794372092215,4.3087517046812,Sugar Shack,Interior,Standard Class,Sugar,5.668095592113604,1.359343887432404,23.982374067998236
Lot's O' Nuts,531.4657958102597,4.12221932719954,Secret Factory,Pacific,Standard Class,Other,5.392935103844895,1.2707157766453552,23.562600924668978
Lot's O' Nuts,925.6871782353663,1.711041768841279,Wicked Choccy's,Interior,Same Day,Chocolate,2.954085966514314,1.243044197673035,42.078809207430425
Wicked Choccy's,353.90810774859654,3.939661068384538,Secret Factory,Gulf,Standard Class,Sugar,5.178794834314525,1.2391337659299868,23.92706808386243
Wicked Choccy's,972.4583747439359,4.745319502177013,Sugar Shack,Atlantic,Standard Class,Sugar,5.944888014623217,1.1995685124462039,20.17815153953294
Secret Factory,315.3985793809281,2.9229322004563882,Wicked Choccy's,Interior,Second Class,Chocolate,4.108836485170499,1.1859042847141104,28.86228957989066
Wicked Choccy's,1149.7480903578003,3.977589785753211,Sugar Shack,Atlantic,Second Class,Sugar,5.027484650380876,1.0498948646276647,20.883104328287228
Wicked Choccy's,1149.7480903578003,2.958343469721605,Sugar Shack,Atlantic,First Class,Sugar,4.008238334349269,1.0498948646276638,26.193424069382655
Secret Factory,248.92713156003214,2.848095572542973,Sugar Shack,Interior,Second Class,Sugar,3.809509028831821,0.9614134562888483,25.237201146197673
Secret Factory,248.92713156003214,1.8288492565113668,Sugar Shack,Interior,First Class,Sugar,2.7902627128002147,0.9614134562888479,34.45601920845674
The Other Factory,452.1586532000498,3.0207980452745806,Wicked Choccy's,Gulf,Second Class,Chocolate,3.9821884096022733,0.9613903643276926,24.142262129272606
The Other Factory,681.118254640075,1.3387334612661723,Lot's O' Nuts,Interior,Same Day,Chocolate,2.2982225217512884,0.9594890604851161,41.74918013395707
Secret Factory,585.1048091390999,1.2873902568885298,Sugar Shack,Atlantic,Same Day,Sugar,2.154429880327807,0.8670396234392772,40.24450418907822
Wicked Choccy's,472.06583445409086,1.053583436957852,Secret Factory,Gulf,Same Day,Other,1.8777052264543175,0.8241217894964654,43.88983839879169
The Other Factory,455.3980554840159,2.9788782836493373,Secret Factory,Gulf,Second Class,Other,3.799831695788539,0.8209534121392017,21.604994059318145
The Other Factory,781.6959282884843,4.443104287941296,Wicked Choccy's,Interior,Standard Class,Chocolate,5.238815370806101,0.7957110828648055,15.188759796708942
The Other Factory,778.1107289883192,4.446493844058461,Secret Factory,Interior,Standard Class,Sugar,5.2338404894434,0.7873466453849396,15.043382521362837
Wicked Choccy's,456.4476598638691,2.0059023001387537,The Other Factory,Gulf,First Class,Other,2.7529570470443896,0.7470547469056359,27.136447613946014
The Other Factory,365.24353091512046,3.9009475630975325,Wicked Choccy's,Gulf,Standard Class,Chocolate,4.567044427562099,0.6660968644645662,14.584856246299548
Wicked Choccy's,327.3253208872165,0.9273348105505023,The Other Factory,Gulf,Same Day,Sugar,1.54179299957072,0.6144581890202178,39.85348157575633
Wicked Choccy's,824.5293820648177,4.471283030967288,Secret Factory,Gulf,Standard Class,Other,4.910489894900429,0.43920686393314146,8.944257565609902
Wicked Choccy's,824.5293820648177,2.463770740640375,Secret Factory,Gulf,First Class,Other,2.902977604573516,0.439206863933141,15.129529874470595
Lot's O' Nuts,880.8085518926165,2.603064142039015,Secret Factory,Pacific,First Class,Sugar,3.0407259009233005,0.4376617588842855,14.393331498619846
Wicked Choccy's,1024.6032249256082,1.777126375728579,The Other Factory,Atlantic,Same Day,Other,2.2112991201869945,0.4341727444584156,19.634283778926324
Wicked Choccy's,824.5293820648177,4.471283030967288,The Other Factory,Gulf,Standard Class,Other,4.900770588108575,0.42948755714128684,8.763673985952588
Wicked Choccy's,1149.7480903578003,4.912057105574888,The Other Factory,Atlantic,Standard Class,Other,5.339465457805027,0.42740835223013907,8.004703010211815
Wicked Choccy's,1149.7480903578003,4.965855760048518,The Other Factory,Atlantic,Standard Class,Sugar,5.393264112278656,0.4274083522301382,7.924854843601531
Wicked Choccy's,1386.979768179998,3.19964476672759,The Other Factory,Atlantic,First Class,Other,3.5600368695174485,0.36039210278985845,10.123268831165461
Wicked Choccy's,1024.6032249256082,2.748873177901797,Secret Factory,Atlantic,First Class,Other,3.10358938293236,0.354716205030563,11.429224722228462
Wicked Choccy's,1024.6032249256082,3.768119493933403,Secret Factory,Atlantic,Second Class,Other,4.122835698963966,0.354716205030563,8.603694906389315
Wicked Choccy's,1351.3852207462664,4.174613904782545,The Other Factory,Atlantic,Second Class,Other,4.487152848584034,0.3125389438014894,6.965194954304134
Wicked Choccy's,1149.7480903578003,4.912057105574888,Secret Factory,Atlantic,Standard Class,Other,5.211924822110099,0.2998677165352106,5.753492745388568
Wicked Choccy's,1149.7480903578003,1.932798013074758,Secret Factory,Atlantic,Same Day,Other,2.232665729609968,0.29986771653520994,13.430927548101653
Lot's O' Nuts,614.4382858116559,1.2921216828646935,Lot's O' Nuts,Pacific,Same Day,Chocolate,1.2921216828646935,0.0,0.0
Lot's O' Nuts,69.65654980228574,1.5861973353028551,Lot's O' Nuts,Pacific,First Class,Chocolate,1.5861973353028551,0.0,0.0
Lot's O' Nuts,1107.579150381621,4.884814219596002,Lot's O' Nuts,Pacific,Standard Class,Chocolate,4.884814219596002,0.0,0.0
Lot's O' Nuts,1578.349461319377,4.4821542537018875,Lot's O' Nuts,Pacific,Second Class,Chocolate,4.4821542537018875,0.0,0.0
Secret Factory,629.9128006591839,1.2772238660955237,Secret Factory,Interior,Same Day,Other,1.2772238660955237,0.0,0.0
Secret Factory,417.3772250068273,3.003837291678903,Secret Factory,Interior,Second Class,Other,3.003837291678903,0.0,0.0
Secret Factory,248.92713156003214,1.7750506020377381,Secret Factory,Interior,First Class,Other,1.7750506020377381,0.0,0.0
The Other Factory,365.24353091512046,0.8757391145031685,The Other Factory,Gulf,Same Day,Other,0.8757391145031685,0.0,0.0
The Other Factory,452.1586532000498,2.974848689180348,The Other Factory,Gulf,Second Class,Other,2.974848689180348,0.0,0.0
The Other Factory,781.6959282884843,2.3896426415201493,The Other Factory,Interior,First Class,Other,2.3896426415201493,0.0,0.0
The Other Factory,681.118254640075,4.272043197672071,The Other Factory,Interior,Standard Class,Other,4.272043197672071,0.0,0.0
The Other Factory,946.7247894731132,3.6141735526589063,The Other Factory,Interior,Second Class,Other,3.6141735526589063,0.0,0.0
Wicked Choccy's,298.94071572615763,1.8559238105108926,Wicked Choccy's,Gulf,First Class,Chocolate,1.8559238105108926,0.0,0.0
Wicked Choccy's,477.41463842275795,1.1061863386751556,Wicked Choccy's,Gulf,Same Day,Chocolate,1.1061863386751556,0.0,0.0
Wicked Choccy's,1293.4022467345992,2.157443296145534,Wicked Choccy's,Atlantic,Same Day,Chocolate,2.157443296145534,0.0,0.0
Wicked Choccy's,933.9155384244541,2.6820132661445975,Wicked Choccy's,Atlantic,First Class,Chocolate,2.6820132661445975,0.0,0.0
Wicked Choccy's,1024.6032249256082,3.814068850027636,Wicked Choccy's,Atlantic,Second Class,Chocolate,3.814068850027636,0.0,0.0
Wicked Choccy's,1024.6032249256082,4.8023348243229425,Wicked Choccy's,Atlantic,Standard Class,Chocolate,4.8023348243229425,0.0,0.0
